{"cycle": [0, 0, 0, 0, 0, 0, 0, 0, 0, 0, 0, 0, 0, 0, 0, 0, 0, 0, 0, 0, 0, 0, 0, 0, 0, 0, 0, 0, 0, 0, 0, 0, 0, 1, 1, 1, 1, 1, 1, 1, 1, 1, 1], "loss_mbatch_train": [0.6194118736311797, 0.509907099651173, 0.4884553265292199, 0.4718673562165351, 0.45981944445520634, 0.4589140505995602, 0.4513206670526415, 0.4442423721775412, 0.4397762678563593, 0.4316382720135154, 0.4255602238699795, 0.4361647237092257, 0.40785268531180924, 0.4125286650378258, 0.41178056993521733, 0.4223465523682535, 0.41767093422822665, 0.4104010912124067, 0.4003016208298506, 0.4083874511998146, 0.3988198405131699, 0.38656248385086656, 0.40264395996928204, 0.38163076643832017, 0.3831358544994147, 0.39037225698120903, 0.3877437559422107, 0.38020808086730523, 0.3724329390097409, 0.3711345689371228, 0.3719901635777205, 0.37020690832287084, 0.3747378760017456, 0.37756422371603554, 0.3686086186207832, 0.36968457465991383, 0.36766516580246383, 0.3764503204729408, 0.3667901433072984, 0.3689401154406369, 0.3513484962750227, 0.36657062196172774, 0.35934959375299513], "seg_fore_mbatch_train": [0.6510167780797929, 0.5229027920868249, 0.5107561373151838, 0.4898404395207765, 0.4714519404806198, 0.46498818555846794, 0.4589213384315371, 0.4445651303976772, 0.4421184168895709, 0.4268650393933058, 0.4161030834075065, 0.42972771765198553, 0.39206611982081074, 0.3932610723422841, 0.3920570180052892, 0.40549092995934194, 0.40581840334925795, 0.39214094646740677, 0.380455181701109, 0.3873834549449384, 0.37597772525623446, 0.3550865908619014, 0.3794619528343901, 0.3464729266706854, 0.3480025477474556, 0.3626635621767493, 0.3552767579676585, 0.3487555426545441, 0.3328184562269598, 0.33241250191349553, 0.3349628275027498, 0.33361804462037986, 0.33880248281639075, 0.3434950852533803, 0.3267217677785084, 0.33520923554897303, 0.329599233926274, 0.342160894884728, 0.328204566729255, 0.3315761004341766, 0.3069039304973558, 0.32259778608568, 0.3203007858246565], "seg_back_mbatch_train": [0.5184443797916172, 0.40418537356890744, 0.3693292893003674, 0.353648697724566, 0.3453611592995004, 0.34981606609653687, 0.3390330513939262, 0.3376557712908834, 0.3301564692519604, 0.3273539390647783, 0.3245405284687877, 0.33447397989220923, 0.30929403472691774, 0.31844064593315113, 0.31797487905714655, 0.32802385557442887, 0.31731695018243034, 0.3148746410151944, 0.30411611543968287, 0.31512072414625447, 0.3053048902656883, 0.29890205094125094, 0.3103018192341552, 0.2966056317090986, 0.2983500054106116, 0.29980961990077054, 0.30137494450900704, 0.29112206306308513, 0.28980742185376596, 0.2873277309117838, 0.28667146340012545, 0.2840483804466201, 0.28892766358330846, 0.29049411241430795, 0.2874010218074545, 0.2812657199101522, 0.28240051574539393, 0.2893740679137408, 0.28185893699992454, 0.2832703448366372, 0.2688624323345721, 0.2869803154608234, 0.2732317902846262], "rec_mbatch_train": [0.9315436449833215, 0.9271743455901742, 0.9241689257323742, 0.9229725203476846, 0.9225355461239814, 0.9225214449688792, 0.9224119335412981, 0.9224297273904091, 0.9225257746875289, 0.9223973993211984, 0.922706038225442, 0.9227396612986919, 0.9224062357097867, 0.9226289838552475, 0.9226622316055001, 0.9226490505971012, 0.9226003126241267, 0.9224408227019012, 0.9224454178474844, 0.9226057785563169, 0.9224266805686057, 0.9226760151796045, 0.9225027002394199, 0.9224541992880405, 0.9227721127681437, 0.9225932876579461, 0.9225049498490989, 0.9226316441781817, 0.9225129676051439, 0.9225146835669874, 0.9225473762489858, 0.9225702057592571, 0.9225931796245279, 0.9226909116841855, 0.9225336820818483, 0.922708499711007, 0.9226528317667545, 0.9225959260948002, 0.9226157297380271, 0.9225922022014856, 0.9225363894365729, 0.9226048002019528, 0.9225994148291653], "grad_mbatch_train": [0, 0, 0, 0, 0, 0, 0, 0, 0, 0, 0, 0, 0, 0, 0, 0, 0, 0, 0, 0, 0, 0, 0, 0, 0, 0, 0, 0, 0, 0, 0, 0, 0, 0, 0, 0, 0, 0, 0, 0, 0, 0, 0], "loss_val": [0.469688375480473, 0.4445404836442322, 0.4170557151082905, 0.4069811841472983, 0.4057492897845805, 0.3915018327534199, 0.4014547902625055, 0.4159592408686876, 0.39233626844361397, 0.4064115765504537, 0.3874342443887145, 0.4140274638775736, 0.38928982103243476, 0.41527852858416736, 0.3878790875896812, 0.39724360988475393, 0.3907432320993394, 0.40437589981593197, 0.3832031548954546, 0.3987846730742604, 0.37766337161883723, 0.3753063573967665, 0.3864674009382726, 0.3986546306405215, 0.3751310587394983, 0.385851780185476, 0.39904934517107904, 0.393199153477326, 0.3826643696520476, 0.4211667825002224, 0.41622937167994695, 0.4151520689483734, 0.4008164412807674, 0.3793954870197922, 0.3816383136436343, 0.39862075517885376, 0.3926034956239164, 0.38315290748141706, 0.3869459661655129, 0.41143977851606917, 0.40183023456484074, 0.3860370586626231, 0.40817040787078446], "seg_fore_val": [0.34672980941832054, 0.42949543637223536, 0.3003979293862357, 0.30327659030444926, 0.29035278467927134, 0.3051855677040293, 0.3369011082686485, 0.32271782320458425, 0.3025053256424145, 0.3030091298278422, 0.32502069196198136, 0.3097844476578757, 0.292396238190122, 0.38513117493130267, 0.26731144357472664, 0.35076259821653377, 0.3278480549342932, 0.36493376642465597, 0.30248118622694165, 0.31647305074147863, 0.30295920628122985, 0.3141129041323439, 0.3200775369768963, 0.2860381926875562, 0.3294105575187133, 0.2927246291656046, 0.34149699297267955, 0.3384349632542581, 0.2838273225352168, 0.35383417154662333, 0.3569074055412783, 0.35463515308219945, 0.3481240582186728, 0.31130301998928195, 0.32390202279202635, 0.3532538290601224, 0.331508280709386, 0.31254754622932546, 0.3423144775442777, 0.37351117830257885, 0.3204028654145078, 0.3268668147502468, 0.3037878904724495], "seg_back_val": [0.491487485356629, 0.35317172424402093, 0.4215865227160975, 0.39628952543716894, 0.4063475220464171, 0.35998572455719113, 0.3503697473788632, 0.3967076356057077, 0.3644315587589519, 0.39530116308014845, 0.33104610256850714, 0.40542002744041383, 0.36785400961525744, 0.33278031833469857, 0.3896885501453652, 0.3271051076008007, 0.3355765498708932, 0.3288238347740845, 0.3441321926657111, 0.36484421195928013, 0.3313767581712454, 0.3149905017344282, 0.33379935694392776, 0.3949049847433344, 0.2991461574565621, 0.3598360908217727, 0.3402950881281867, 0.33042540610767895, 0.3616567675489934, 0.377204141463153, 0.36318692250642926, 0.36295730120036757, 0.3377113786991684, 0.326948170666583, 0.31918634544126695, 0.32762140943668794, 0.3359472100855784, 0.3339908593334257, 0.3126640167320147, 0.3358534231083468, 0.3676799352979287, 0.32611718925181765, 0.3984041502699257], "rec_val": [0.9249060410074892, 0.9234026819467548, 0.921627175994217, 0.9217644059099254, 0.9223415623418989, 0.9217475806362926, 0.921829108148813, 0.9221778889186681, 0.922146776691079, 0.9217195152305065, 0.9220419297926128, 0.9218545607291164, 0.9217721745371815, 0.9221836277283728, 0.9222909533418715, 0.9220314752310513, 0.9220216502435505, 0.9218498314730826, 0.9222713629715144, 0.9219191339798269, 0.92212195135653, 0.9220983218401672, 0.9222280508838591, 0.9223020458593962, 0.9228054075501858, 0.9219946363009514, 0.9224291793070735, 0.9221199480816722, 0.9219653699547057, 0.9219954693689939, 0.921869293320924, 0.9223546958528458, 0.9219049708917738, 0.9218245814554392, 0.9224855327047404, 0.9222690262831749, 0.9224852784536779, 0.9221062986180186, 0.9220565035939219, 0.9222571272403003, 0.9219298213720319, 0.9219426475465298, 0.9218399594537918], "epoch_best_of_all": 21, "val_epochs_saves_list": [21, 33], "val_loss_saves_list": [0.3753063573967665, 0.3793954870197922]}