{"cycle": [0, 0, 0, 0, 0, 0, 0, 0, 0, 0, 0, 0, 0, 0, 0, 0, 0, 0, 0, 0, 0, 0, 1, 1, 1, 1, 1, 1, 1, 1, 1, 1, 1], "loss_mbatch_train": [0.6638951278291642, 0.5668303198181093, 0.5523930112831291, 0.5430307290516798, 0.5366291219834239, 0.5336415220517666, 0.5306539693847301, 0.5247912809718398, 0.5214852790813894, 0.5191207560710607, 0.5156906545162203, 0.514047545613721, 0.51062419381924, 0.5091965827159585, 0.5069316220469768, 0.5047045070677997, 0.5028273656498642, 0.4971526043955238, 0.49569195229560137, 0.49544280860573064, 0.4905600310303268, 0.48906867764890194, 0.48680580407381085, 0.47930264822207386, 0.47578303935006244, 0.4751116284169257, 0.47166624478995794, 0.4668560668360442, 0.4654581593349577, 0.4624700325075537, 0.46065708505921066, 0.4591001830995084, 0.452307757223025], "seg_fore_mbatch_train": [0.69157517538406, 0.5708013337571174, 0.5535758379846809, 0.5415429302956911, 0.5305306625086813, 0.5270157237537204, 0.5214172941632571, 0.5142810293473304, 0.5089246321003881, 0.5053111955057832, 0.5000440028961747, 0.4990167522337287, 0.4930816241540014, 0.4908298752270639, 0.4885855310130863, 0.4847901328466834, 0.48137921281158935, 0.47338840481825173, 0.47081937617622327, 0.47077181702479726, 0.4636357938870789, 0.45908549451269204, 0.45825679204426695, 0.44679828733205795, 0.441992312669754, 0.4420649809762837, 0.43565944326110184, 0.4298720820806921, 0.4278829193208366, 0.4233501772396266, 0.4204177311621608, 0.42026694607920945, 0.40998546313494455], "seg_back_mbatch_train": [0.5773919515777379, 0.48391272197477525, 0.46931123873218894, 0.4605684611015022, 0.45729821734130377, 0.4542079800739883, 0.4531588614918292, 0.4472794898319988, 0.44527610111981647, 0.4436365808360279, 0.44128136918880057, 0.4386426797136664, 0.4369835432153196, 0.43606408964842563, 0.4332740635145454, 0.4321046923287211, 0.43134235078468913, 0.4267231121193618, 0.4260270548984407, 0.4255269307177514, 0.4218073743395508, 0.4230320742353798, 0.4188255253247916, 0.413604538887739, 0.410575579153374, 0.40900973486714076, 0.40776559105142934, 0.40285735973156994, 0.40173539239913225, 0.39961958583444357, 0.3985313007142395, 0.3951983507722617, 0.3903942974284292], "rec_mbatch_train": [0.9285993687808515, 0.9220900381915271, 0.9209384135901928, 0.9208061597310008, 0.9210613714531058, 0.9209086662158373, 0.920947114471346, 0.9208906046114862, 0.9209496141411363, 0.920942679978907, 0.9209424974396828, 0.921008073259145, 0.9209488057531419, 0.9209430622868241, 0.9209481487050648, 0.9210184584371747, 0.9210267513990402, 0.9210243248380723, 0.9211106845177707, 0.9210837739519775, 0.9211061508394776, 0.9211577973328526, 0.9211876941844819, 0.9212138717994091, 0.9212749577127395, 0.9212801614776254, 0.9212498767301437, 0.9212782559916378, 0.9212992801330981, 0.9213364711031318, 0.9213003022596242, 0.9214080590754746, 0.9213687195442617], "grad_mbatch_train": [0, 0, 0, 0, 0, 0, 0, 0, 0, 0, 0, 0, 0, 0, 0, 0, 0, 0, 0, 0, 0, 0, 0, 0, 0, 0, 0, 0, 0, 0, 0, 0, 0], "loss_val": [0.5850157374516127, 0.5721712149679665, 0.5620753932744265, 0.5637540095485742, 0.5465423958376053, 0.5560140796005728, 0.5506229277234524, 0.5425103055313231, 0.5470838057808578, 0.5450357084628196, 0.5376356877386573, 0.5393717701081184, 0.5471055945381522, 0.5445401903707533, 0.5417316094972194, 0.5660573756322265, 0.5490989503450696, 0.5474558263085781, 0.5497842931654303, 0.5507179102860392, 0.563968247268349, 0.5535917815286664, 0.5598332351073623, 0.5549643533304329, 0.5606520671863109, 0.564151519909501, 0.5458018572535364, 0.5825148387812076, 0.5736435260623691, 0.5833402136340736, 0.560351913329214, 0.5608478665817528, 0.5718322098255155], "seg_fore_val": [0.5435628718696536, 0.5118129607290032, 0.46351026697084297, 0.4423972442746162, 0.5104477631393821, 0.42883614846505214, 0.4396104484330863, 0.47499778051860614, 0.4946546775754543, 0.5034940917976203, 0.4699879395775497, 0.45011122524738306, 0.543576697818935, 0.5722236523870379, 0.4811945867259054, 0.4310795119963585, 0.47378032677806914, 0.5172934331931176, 0.49630471784621466, 0.4855391555465759, 0.49228275986388315, 0.5412050280719994, 0.5985569339245561, 0.5179652816150336, 0.5170758992899211, 0.48898493684828287, 0.5032840468920768, 0.6625114427879449, 0.5611778458114716, 0.5562688400968911, 0.6156138421501963, 0.5955960608553141, 0.5830910494551065], "seg_back_val": [0.5514273860026154, 0.5549108688719575, 0.5808708150871098, 0.6056818347424269, 0.49940458941273386, 0.6019123052246865, 0.5792870717123155, 0.525851636426523, 0.5163551347795874, 0.5029480278026313, 0.5199739495292303, 0.5437324456870554, 0.4674536653328687, 0.43305259360931814, 0.5178863708861172, 0.6219679256901145, 0.541676559718326, 0.4944665753282606, 0.5206329771317542, 0.5334414083044978, 0.5562016498297453, 0.4841649290174248, 0.4406270703766494, 0.5104503983166072, 0.5240418750327082, 0.5598991734441366, 0.5047947403509174, 0.42708853888325393, 0.508722968166694, 0.5351861889939755, 0.42473415518179536, 0.4458750849589707, 0.48282118560746345], "rec_val": [0.9227013587951659, 0.9214550429023802, 0.9210391957312821, 0.9211843688972297, 0.9210884999483823, 0.9217728711664676, 0.9211905607953667, 0.9212807873263956, 0.9212940111756323, 0.9213676862418649, 0.9215284851379695, 0.9214213285595175, 0.921419406775385, 0.9216589140705764, 0.9214519034139813, 0.9218603936024011, 0.9214336364530025, 0.9216383220627903, 0.9216234735213219, 0.9217666769400239, 0.9215027228929099, 0.9217531266622248, 0.92200443521142, 0.9217730974778531, 0.9214908014982939, 0.9215368372388181, 0.9216641434468329, 0.9219485847279428, 0.9218817735090855, 0.9218546394258736, 0.9219532343558968, 0.9218586198985578, 0.9217171277850866], "epoch_best_of_all": 10, "val_epochs_saves_list": [10, 26], "val_loss_saves_list": [0.5376356877386573, 0.5458018572535364]}