{"cycle": [0, 0, 0, 0, 0, 0, 0, 0, 0, 0, 0, 0, 0, 0, 0, 0, 0, 0, 0, 0, 0, 0, 0, 0, 0, 0, 0, 0, 0, 0, 0, 0, 0, 0, 0, 0, 0, 0, 0, 0, 0, 0, 0, 0, 0, 1, 1, 1, 1, 1, 1, 1, 1, 1, 1, 1, 1], "loss_mbatch_train": [0.676458223722875, 0.5864524110220374, 0.5774140073917808, 0.5694117750972512, 0.5646758107468486, 0.5567791182547807, 0.5488371166866269, 0.5423518673051149, 0.5392119225580245, 0.5327599982265383, 0.5278188816737381, 0.5213497993536294, 0.5216730625834315, 0.517236747778952, 0.5114536550827326, 0.5105554773472253, 0.5113240638747811, 0.5055534609127791, 0.5045258121099321, 0.5016586852725596, 0.5014333720318972, 0.4985008649528026, 0.49452973529696476, 0.490413305349648, 0.48867887025699036, 0.48805851349607116, 0.48144088964909326, 0.4823973500169815, 0.4783267870079725, 0.47733512637205416, 0.47508999123238027, 0.46920646680519, 0.47003918373957276, 0.45988949597813183, 0.4577845945023001, 0.45518285036087025, 0.45154932560399186, 0.4502020713407546, 0.4473222533706576, 0.43959817127324635, 0.4389210694935174, 0.4388932718429714, 0.43235525302588934, 0.4298051809892059, 0.42894176323898164, 0.42802469665184606, 0.4239138946868479, 0.4203548084478825, 0.4154058317653834, 0.4143517280463129, 0.41024013445712626, 0.4093813467770813, 0.41030735452659434, 0.4029423505999149, 0.40160811832174664, 0.396254122722894, 0.39464794611558307], "seg_fore_mbatch_train": [0.7280755729880184, 0.6456861963961272, 0.6367324318271135, 0.6224541554693134, 0.6181806812528521, 0.6071973992511631, 0.5942802464123816, 0.5853674358222635, 0.5815223809331656, 0.5724467581603677, 0.5652995191048831, 0.5566286484245213, 0.5555496371816842, 0.5510574753861874, 0.542361125582829, 0.5415319111198181, 0.5415122581180186, 0.5339915680233389, 0.5319103735964744, 0.5284160042647269, 0.5267390934750439, 0.5233639834914356, 0.5169069475959988, 0.5098058555740863, 0.5075706590432673, 0.504628522088751, 0.49611773458309477, 0.49560112738981854, 0.490084895864129, 0.48921876447275264, 0.48194861784577375, 0.4750240931753069, 0.474821591284126, 0.45718758879229426, 0.45302949962206196, 0.4497220579069107, 0.4412855033297092, 0.4395734728313984, 0.4344187919050454, 0.42347047734074295, 0.41997059574350726, 0.42014665203168977, 0.41010676557198156, 0.4049641629680991, 0.40363895799964666, 0.4039178709499537, 0.39736859453842044, 0.39041600120253867, 0.38257266301661746, 0.38312304741702957, 0.3741868506185709, 0.374361850786954, 0.3754279843997211, 0.36396802379749704, 0.3610377814620734, 0.3531682337634265, 0.35040523158386366], "seg_back_mbatch_train": [0.5680806655436755, 0.4523406426887959, 0.4414548589847981, 0.4380094818770885, 0.4317214943002908, 0.42516876733861875, 0.4204100717324762, 0.41490174317732453, 0.41172157332766796, 0.406428694492206, 0.4026134945452213, 0.39691082760691654, 0.3987173826899379, 0.39333227858878667, 0.38920035131741326, 0.38801425369456405, 0.3897616234607995, 0.3844757121987641, 0.3842547405511141, 0.3813915620557966, 0.38255995884537697, 0.3793906094506383, 0.3770810973364862, 0.37501486157998454, 0.37338669062592095, 0.3749705250374973, 0.3687737653963268, 0.3714184972923249, 0.3678704745834694, 0.366566498298198, 0.36883422068785865, 0.362685101572424, 0.3647549201268701, 0.3598285890184343, 0.3593089457135647, 0.35684393765404815, 0.35719451971817795, 0.3559194919653236, 0.3546594049548731, 0.34845646796748037, 0.35045516502577795, 0.3501761625520886, 0.3457242887234314, 0.34519654465839256, 0.344603777863085, 0.3422684277174994, 0.3396956963697449, 0.33872168499510746, 0.3355711477342993, 0.3326642009196803, 0.33245867874939006, 0.33035908639431016, 0.33134541939944034, 0.3264294381951912, 0.32639449939597387, 0.3223607039544731, 0.32151994516607374], "rec_mbatch_train": [0.9318793052807453, 0.9234034921973946, 0.9222973631694912, 0.9220315236598259, 0.9221984264440835, 0.9221435571089387, 0.9222648628056049, 0.9223075015470384, 0.9225215115584433, 0.9226605258882045, 0.9225803674198687, 0.9225704297423364, 0.922529152594507, 0.9226137259975078, 0.9225099971517925, 0.9225971242412926, 0.9225082769989968, 0.9224319285713137, 0.9225152037106457, 0.9224528931081296, 0.922488102223724, 0.9226130875758825, 0.9223512494936584, 0.9224399053491654, 0.9224807247519495, 0.9223895296454432, 0.9223972391337157, 0.922385297715664, 0.9224687987007202, 0.9223176487721505, 0.9223772254772483, 0.9223733576945964, 0.9222976109012959, 0.9223222373984755, 0.9223230206407602, 0.9222816107794646, 0.9223332060500977, 0.9223024528473615, 0.9223707411438224, 0.9223105260170995, 0.9222948579117656, 0.9224801044911146, 0.922312858980149, 0.9223286914639174, 0.9223253736272454, 0.9224086990579964, 0.922349707223475, 0.9224285767413675, 0.9224112345837058, 0.9224747382104397, 0.9224965558387341, 0.9225692963227632, 0.9225932904519142, 0.9226349736563862, 0.9226360139437021, 0.9226610902696847, 0.9228162355720998], "grad_mbatch_train": [0, 0, 0, 0, 0, 0, 0, 0, 0, 0, 0, 0, 0, 0, 0, 0, 0, 0, 0, 0, 0, 0, 0, 0, 0, 0, 0, 0, 0, 0, 0, 0, 0, 0, 0, 0, 0, 0, 0, 0, 0, 0, 0, 0, 0, 0, 0, 0, 0, 0, 0, 0, 0, 0, 0, 0, 0], "loss_val": [0.5417195330373944, 0.5340555820148442, 0.5167532719206066, 0.5203104654792692, 0.508383461739868, 0.5120222168043256, 0.5292780145537108, 0.5061172936111686, 0.4953489109175281, 0.4916906005237252, 0.48392040049657215, 0.49131441977806384, 0.48579364968463784, 0.48814686271362023, 0.47864871926140035, 0.4996758380439132, 0.47662558068986977, 0.4988716109655797, 0.4868015393149109, 0.4755536135053263, 0.4878432475961746, 0.4706290353788063, 0.47690235951449717, 0.4750637726392597, 0.47070320951752365, 0.4763256729347632, 0.4746253634802995, 0.4719838149612771, 0.46856582188047474, 0.47616877080872644, 0.46529918164014805, 0.4764194876188412, 0.46967439178843057, 0.46176301187369967, 0.46143116301391274, 0.490072115091607, 0.47335133946035074, 0.4768519751960412, 0.46560059348121297, 0.47422897000797093, 0.485125116072595, 0.48094686516560614, 0.4827955324435607, 0.49542170483618975, 0.480643778690137, 0.48958969756495185, 0.5053355478448793, 0.4861515183001754, 0.4859839790733532, 0.49705805699340994, 0.4831176274456083, 0.5058731723111124, 0.4862984140636398, 0.5039909871993589, 0.5016409868840128, 0.502808207529597, 0.5018452126532792], "seg_fore_val": [0.5315824481658643, 0.41825943544972677, 0.45312125561758865, 0.4520780217135327, 0.42341163964010775, 0.4166099152062089, 0.41193871817085886, 0.3905107718892396, 0.4489431163528935, 0.4383259161841123, 0.42640824813861383, 0.4826485745143145, 0.4608869885560127, 0.4403241192921997, 0.4177352205151691, 0.4339460927294567, 0.45145836507435905, 0.3730547375744209, 0.4235220937989652, 0.46325575432274485, 0.4223859389312564, 0.43651948880869895, 0.42606874485500124, 0.44245203537866473, 0.4315980207175016, 0.43317572039086366, 0.46261194325052174, 0.3929726380156355, 0.4383200407028197, 0.44818970374763023, 0.42697066545952106, 0.4454937276896091, 0.42615183698944753, 0.4186196571681648, 0.44496112689375866, 0.4399537368444725, 0.4926714879693463, 0.5144364601001142, 0.4952890367712828, 0.434548914898187, 0.440376247279346, 0.50265965226572, 0.4940076858038083, 0.4445207929238678, 0.4681852236390115, 0.4464443129254502, 0.4262087017996237, 0.43864614970516413, 0.5278189785312861, 0.5427990275202318, 0.44311870937235665, 0.47142834600526834, 0.503695409861393, 0.527431441587396, 0.5246966559207067, 0.5364794515771789, 0.5363311625551435],