{"cycle": [0, 0, 0, 0, 0, 0, 0, 0, 0, 0, 0, 0, 0, 0, 0, 0, 0, 0, 0, 0, 0, 0, 0, 0, 0, 0, 0, 0, 0, 0, 0, 0, 0, 0, 0, 0, 0, 0, 0, 0, 0, 0, 0, 0, 0, 0, 0, 0, 0, 0, 0, 0, 0, 0, 1, 1, 1, 1, 1, 1, 1, 1, 1, 1, 1], "loss_mbatch_train": [0.5893619512207807, 0.46414934680797176, 0.41970498440787196, 0.4068883119616658, 0.38505521975457674, 0.37266287370584905, 0.359331207582727, 0.3594179693609477, 0.3527751939836889, 0.3471724861301482, 0.3514513275586069, 0.3472442941274494, 0.346095980843529, 0.34277424728497863, 0.33739757654257113, 0.3413981741759925, 0.335495883366093, 0.33762442274019105, 0.33596281264908606, 0.33150153071619554, 0.33315927488729363, 0.3286431722808629, 0.32490017241798347, 0.3250675287563355, 0.3289621381554755, 0.32618482690304507, 0.3202485071960836, 0.3195173020940274, 0.320114809786901, 0.315714318305254, 0.32080947188660497, 0.31515426910482336, 0.31392106995917857, 0.3169582430273295, 0.31399849732406443, 0.3136438748333603, 0.3171915095299484, 0.3096679872833192, 0.3142821379005909, 0.31253123749047523, 0.30762417800724484, 0.3088026975747196, 0.3055671686306597, 0.30602000420913117, 0.3082845172611995, 0.3109642411582173, 0.3024081700714306, 0.3108393850270659, 0.30217101087328063, 0.303707089740783, 0.3085179682821038, 0.3053154111839832, 0.3065733932889998, 0.3022789033129811, 0.3102175628300756, 0.3129748255014421, 0.30507139302790165, 0.303447896963917, 0.30545486602932204, 0.30416354187764216, 0.302405787166208, 0.3033268883591516, 0.30312768556177616, 0.2994686174206434, 0.30196764389984326], "seg_fore_mbatch_train": [0.6194473961368202, 0.49094384605996294, 0.43381041300017376, 0.41676221764646487, 0.3877164687728509, 0.3704594952287152, 0.35030497354455276, 0.3524552402086556, 0.3421420297818257, 0.334108116105199, 0.3408287201309575, 0.33416665648110205, 0.331971979001537, 0.32895245496183634, 0.3196015728171915, 0.32457577367313206, 0.3167956882389264, 0.31856041401624674, 0.3188029214506969, 0.3104087532265111, 0.31371714465785777, 0.3057253770530224, 0.30055174836888915, 0.30075046909041714, 0.3071253945818173, 0.30158568569459004, 0.2930503095267341, 0.29342499910853803, 0.29199649160727836, 0.28756289125885814, 0.2944205906242132, 0.28594770550262194, 0.28573858714662487, 0.28826852363999944, 0.2838858264731242, 0.2840151202399283, 0.289928042097017, 0.27781510679051286, 0.2843119516037406, 0.2829992361366749, 0.27471391076687723, 0.27761863847263146, 0.27203467953950156, 0.272875337745063, 0.2767733709188178, 0.28131998050957924, 0.26661321660503745, 0.27983127930201573, 0.26709569047670806, 0.26993144140578806, 0.27580845693592004, 0.2722253302345051, 0.2747522534336895, 0.26739699160680186, 0.28057591011747723, 0.28509781230241055, 0.2733875365229324, 0.27089533826801926, 0.2738137658452614, 0.2725629089400171, 0.26986094703897845, 0.27051581465639163, 0.27005680045112984, 0.2648563882103191, 0.26886949327308696], "seg_back_mbatch_train": [0.48361416615080083, 0.33511488803196704, 0.2931367201963438, 0.2822297792881729, 0.2629152764566241, 0.25263872800860554, 0.24321449757553634, 0.241161669488065, 0.23671646486036477, 0.2322601402411238, 0.23501018772367385, 0.2323174984194338, 0.2319997523445636, 0.2275801589712501, 0.2249114863807336, 0.22882719745393834, 0.22365363873541355, 0.226554740103893, 0.22264746658038348, 0.22117943083867425, 0.22153313737362632, 0.21951623912900686, 0.2163230222649873, 0.21656536706723273, 0.21873307024361563, 0.21820867282804102, 0.2135551271494477, 0.2115765324560925, 0.21428964764345432, 0.2090459369937889, 0.21341746195685116, 0.20939920167438691, 0.20688724482897672, 0.21110339416190987, 0.20892999332863843, 0.20796342182438826, 0.20989442430436617, 0.2053720956901088, 0.2090645260177553, 0.2065607343101874, 0.20390996243804696, 0.20361953403335062, 0.20204079546965653, 0.20221831544768062, 0.20336301485076555, 0.2047411389648915, 0.20047966821584848, 0.20597902615554634, 0.19944461574777964, 0.20004738750867543, 0.2048281008610502, 0.20131154346745467, 0.20158094796352086, 0.19940401578787717, 0.20386188721749932, 0.2054636965040116, 0.19964204472489647, 0.19851419352926317, 0.200041904579848, 0.19843132351525125, 0.19723186129704107, 0.1986251370981336, 0.19861500681145108, 0.19568666809936977, 0.19722984475083666], "rec_mbatch_train": [0.9298426164314149, 0.9242292414419351, 0.9257877878844737, 0.9234191975556315, 0.9227093900553883, 0.9226867854595182, 0.9224745095707477, 0.9229036499746145, 0.922888739965856, 0.9230677462182938, 0.9232382304035128, 0.9232642906717954, 0.9230870734900235, 0.9233457515947522, 0.9236670467071234, 0.923668410629034, 0.9229369075037537, 0.923226078040898, 0.923101417720318, 0.922868508845568, 0.9229665035381915, 0.9228444877080617, 0.9230652833357451, 0.9227540777064859, 0.9232583497650924, 0.9227736918255683, 0.9227606458589437, 0.9226661757566038, 0.9228604990057653, 0.92240348784253, 0.9228235343471168, 0.9224816369824115, 0.9223944926634431, 0.922408824786544, 0.9223138215020299, 0.9225353449583055, 0.9227140177972613, 0.9223375138826668, 0.9226272748783231, 0.9222925375215707, 0.9224343877285717, 0.9224552148953078, 0.9223320693708951, 0.9222786286845799, 0.9222314697690309, 0.9223674042150379, 0.9221637407317755, 0.9222475029528145, 0.9222787697799505, 0.9221662022173406, 0.922315217088908, 0.9222382158041001, 0.9222345598973332, 0.9221845106221732, 0.9222055617719888, 0.9222215008921919, 0.9220808553509415, 0.9221361218951643, 0.9221981670707459, 0.9221614119596782, 0.9221402541734278, 0.9221346322447059, 0.9222537549212575, 0.9222424426116046, 0.9222294497303667], "grad_mbatch_train": [0, 0, 0, 0, 0, 0, 0, 0, 0, 0, 0, 0, 0, 0, 0, 0, 0, 0, 0, 0, 0, 0, 0, 0, 0, 0, 0, 0, 0, 0, 0, 0, 0, 0, 0, 0, 0, 0, 0, 0, 0, 0, 0, 0, 0, 0, 0, 0, 0, 0, 0, 0, 0, 0, 0, 0, 0, 0, 0, 0, 0, 0, 0, 0, 0], "loss_val": [0.514606776414439, 0.431330931605771, 0.38616401911713183, 0.39982647588476544, 0.3877615658566356, 0.3529745014384389, 0.3446338603971525, 0.34323736140504485, 0.33306742249988025, 0.3668759389547632, 0.3359575417125598, 0.3420005121733992, 0.3286750419065357, 0.33089378220029186, 0.32380502554588014, 0.32251661026384676, 0.3222731169080359, 0.325274836155586, 0.32673575275111966, 0.34228951251134276, 0.3199013641569764, 0.3284424126613885, 0.32259278383571655, 0.3164633093401789, 0.3220527771627531, 0.3179140653228387, 0.333251491887495, 0.322706912877038, 0.31585286383051414, 0.3152475303504615, 0.32483672106172895, 0.31760517659131443, 0.316743227886036, 0.322401593439281, 0.30676233780104667, 0.3125395460519938, 0.3128190436400474, 0.31284397398121655, 0.308759159524925, 0.31394555361475796, 0.30684042198117817, 0.3110815802356229, 0.3045820518163964, 0.31973176950123144, 0.32747334684245294, 0.3121259436011315, 0.31030299840494996, 0.3097026587929578, 0.3190602981485424, 0.35904392495285725, 0.32411278388462955, 0.32051755767315604, 0.31799366499762993, 0.32308620307594543, 0.31531067169271426, 0.3093522996641695, 0.30696025735232985, 0.30608329817187035, 0.3021047912770882, 0.3100105476332829, 0.30827192775905127, 0.3055003555491567, 0.3082834888482467, 0.33269875077530764, 0.30594286997802544],