{"cycle": [0, 0, 0, 0, 0, 0, 0, 0, 0, 0, 0, 0, 0, 0, 0, 0, 0, 0, 0, 0, 0, 0, 0, 0, 0, 0, 0, 0, 0, 0, 0, 0, 0, 0, 0, 0, 0, 0, 0, 0, 0, 0, 0, 0, 0, 0, 0, 0, 1, 1, 1, 1, 1, 1, 1, 1, 1, 1, 1, 1, 1, 1], "loss_mbatch_train": [0.6970890988595783, 0.5676780645735563, 0.5454179225489493, 0.528867302229628, 0.5185673381201916, 0.5100080769043417, 0.5047719073481861, 0.5011716033332049, 0.49656545766629273, 0.49273223662748933, 0.4927014440763742, 0.4877138717565684, 0.482247979613021, 0.47664828342385596, 0.47121879691258056, 0.4699316355399787, 0.4669312234036624, 0.4611256802454592, 0.4581915577873588, 0.4561928487382827, 0.4528580259066076, 0.4493395821191372, 0.4428923525847495, 0.4395554123912008, 0.4357687870506196, 0.43013742659240956, 0.4315618574619294, 0.42737436410970975, 0.42275132029317336, 0.4155100053176283, 0.416240824619308, 0.41348169161938136, 0.4131163179408759, 0.4029984823428093, 0.4003539138939233, 0.39920991612598294, 0.3942566802725195, 0.39062756858766085, 0.38941867114044715, 0.3875660903286188, 0.38167781918309607, 0.3760489139240234, 0.3852823209017514, 0.3728395500220357, 0.3731319075450301, 0.3664715657941997, 0.37058253143914044, 0.360479451948777, 0.36878083483316, 0.36195725621655583, 0.3541087552439421, 0.3577960566617548, 0.3485839136410505, 0.3529304328840225, 0.34618041059002286, 0.3452955912798643, 0.34043305087834597, 0.3363195934798569, 0.334797934629023, 0.3310818111058326, 0.3286572224460542, 0.32773352158255886], "seg_fore_mbatch_train": [0.7586616578046235, 0.5758177074603736, 0.5428179358132182, 0.5215981726069, 0.5084607012104241, 0.49815550958737737, 0.49067941843532004, 0.4856633471790703, 0.479958841810003, 0.4718195947352797, 0.4761612606234848, 0.46617234451696293, 0.45963523490354435, 0.45054684393107897, 0.4443237350787967, 0.4412292768247424, 0.43715921347029507, 0.4289357506204398, 0.42640924430452287, 0.42292938195168955, 0.41818413347937183, 0.4139355474617332, 0.4042565103154628, 0.39992968412116153, 0.3951955786906183, 0.3882912078406662, 0.389100037398748, 0.38493489916436363, 0.3777018722612412, 0.3675706444773821, 0.3696960918605327, 0.3636171882972122, 0.36667876457795506, 0.34986022580415005, 0.3467603237368166, 0.34593049297109235, 0.3374503034865482, 0.3341687386855485, 0.3321235938929022, 0.3302816151408481, 0.32273528678342706, 0.3143476898549125, 0.32770767714828253, 0.3132265023887158, 0.3119750751648098, 0.30338237469550217, 0.3101517307804898, 0.2954156334744766, 0.311573795741424, 0.3008295814506709, 0.2919665528461337, 0.2966912318952382, 0.2837364298757164, 0.29028791526798153, 0.2814100669929756, 0.2798554823966699, 0.27497756853699673, 0.27003806363791233, 0.26895266934297973, 0.26405401527881617, 0.2600408210419119, 0.26049559563398345], "seg_back_mbatch_train": [0.5847405164968223, 0.48088706727139663, 0.46448380732908856, 0.44895020895637555, 0.4392009929288179, 0.43050714628770936, 0.4263502007815987, 0.42338098236359656, 0.41884821141138673, 0.4184503047727048, 0.4140405571088195, 0.41293323296122236, 0.4073264859616755, 0.40397731587290764, 0.3981330313254151, 0.3983520683832465, 0.3957432666793466, 0.39108128962107025, 0.38707700604572903, 0.3861151679884642, 0.3834415562450887, 0.3798560085706412, 0.3752129746135325, 0.3721010447479786, 0.36842680163681507, 0.3628023040946572, 0.36514488200191414, 0.3600077396258712, 0.3569655220489949, 0.3509868404362349, 0.3504758939379826, 0.35041527473367745, 0.34654724458232544, 0.34086958470288653, 0.3380979539360848, 0.33637734618969256, 0.3338405668037012, 0.32905279565602547, 0.32841138925869023, 0.3261346134822815, 0.3206013364251702, 0.31645987043157237, 0.3236366563942284, 0.31044630717951804, 0.31235763756558305, 0.3061535017332063, 0.3085210195276887, 0.3008101662853732, 0.3030861970037224, 0.2986573226517065, 0.2900966862216593, 0.2935384394368157, 0.2860475104534998, 0.28912190312985325, 0.28302673297002895, 0.2825682528782636, 0.27667189808562404, 0.27245056605897855, 0.27016046608332545, 0.2667842082446442, 0.2654230028856547, 0.26290947734378267], "rec_mbatch_train": [0.9255813374184072, 0.9216092624701562, 0.9213215149939062, 0.9212054312229158, 0.9211958656087519, 0.921098934486508, 0.9210858652368185, 0.9210166395641866, 0.921022921334952, 0.921107882633805, 0.9211063412949441, 0.9211636916734282, 0.921152148861438, 0.9211242143064737, 0.9211325952783229, 0.9212003913708033, 0.9212511694058777, 0.9211802156642075, 0.9212275133468206, 0.921228094957769, 0.9212647154927253, 0.9213338773697611, 0.9213109016418457, 0.9214159110561015, 0.9213872295804321, 0.9214535467326639, 0.9215165111236272, 0.9215018427930772, 0.9215099825523796, 0.9215914336964488, 0.9216343718580898, 0.9216708713211121, 0.9216462038457398, 0.9217007169499993, 0.921676927246153, 0.9217139282263815, 0.9217579495161771, 0.921778814867139, 0.9217793345451353, 0.9217879129573703, 0.9217634410597384, 0.921855153981596, 0.9217737852595744, 0.9218679000623523, 0.9218219141475857, 0.9218042544089259, 0.9217979805544019, 0.9217784600332377, 0.9218384302221241, 0.9218815546482803, 0.92180299339816, 0.9219271223992109, 0.921811447478831, 0.9219601931981743, 0.9218385620042682, 0.922049155458808, 0.9219079473987224, 0.9219971327111125, 0.9219702668488026, 0.9220461482182147, 0.921985072549433, 0.922012415248901], "grad_mbatch_train": [0, 0, 0, 0, 0, 0, 0, 0, 0, 0, 0, 0, 0, 0, 0, 0, 0, 0, 0, 0, 0, 0, 0, 0, 0, 0, 0, 0, 0, 0, 0, 0, 0, 0, 0, 0, 0, 0, 0, 0, 0, 0, 0, 0, 0, 0, 0, 0, 0, 0, 0, 0, 0, 0, 0, 0, 0, 0, 0, 0, 0, 0], "loss_val": [0.6552167134359482, 0.6263389363884927, 0.6013903995044532, 0.569681619759649, 0.562206969596446, 0.5662703898269683, 0.567458110395819, 0.5615600747987627, 0.5582540456671264, 0.5318575350102035, 0.5710474473889917, 0.5504459333606068, 0.5495439213700596, 0.5470598414540292, 0.5448531596921385, 0.5398025785107164, 0.5406234983820467, 0.5287674656137826, 0.5426379377022388, 0.5521206057164817, 0.5528641040436922, 0.5334579835180192, 0.517932345392182, 0.541682845680043, 0.5225439942441877, 0.5344165917485952, 0.5223880535922943, 0.5376155984122307, 0.5222098387312144, 0.5535710032563655, 0.5191999939270319, 0.5184151600115, 0.511235143058002, 0.5053324208129196, 0.517972456291318, 0.5095415136311203, 0.49987062602303955, 0.5230810549110174, 0.5185671357903632, 0.5003852550871671, 0.503048786194995, 0.5289549184963107, 0.5286522856913509, 0.5503260549157861, 0.5091876541264357, 0.5267269460018724, 0.5217337005306038, 0.5225717728026211, 0.5244943364523352, 0.5224560156930242, 0.5190926701761783, 0.5324057301040738, 0.5245599274057895, 0.5461542771663516, 0.5248379406984894, 0.5085829175077377, 0.5257315067574384, 0.5349058983847499, 0.5419820221140981, 0.5821555040311065, 0.526099112117663, 0.5274980249814691],